transactionId,Date,Hour,name,dollars,user,transactionStatus
1,6/27/23,5:58,Ram,"$71,280.87 ",17,SETTLED
2,12/29/22,4:59,Ford,"$8,473.29 ",28,SETTLED
3,1/29/23,11:20,Lincoln,"$52,604.35 ",35,SETTLED
4,5/22/23,14:11,GMC,"$4,546.56 ",35,SETTLED
5,4/17/23,21:13,Mazda,"$31,126.65 ",11,SETTLED
6,10/16/22,5:17,Mitsubishi,"$81,257.94 ",6,SETTLED
7,4/4/23,3:57,Acura,"$3,647.65 ",25,SETTLED
8,11/9/22,9:29,Chevrolet,"$66,412.23 ",40,SETTLED
9,10/17/22,20:36,Toyota,"$90,247.33 ",11,SETTLED
10,6/1/23,13:58,Nissan,"$92,390.05 ",9,SETTLED
11,4/23/23,10:25,Ferrari,"$35,439.40 ",5,SETTLED
12,2/23/23,6:47,BMW,"$77,634.19 ",10,SETTLED
13,10/22/22,19:04,Ford,"$71,976.79 ",18,SETTLED
14,12/18/22,16:42,Mitsubishi,"$39,085.80 ",26,SETTLED
15,10/4/22,22:16,Infiniti,"$5,998.08 ",13,SETTLED
16,7/11/23,17:38,Volvo,"$84,587.80 ",28,SETTLED
17,4/21/23,8:06,GMC,"$29,925.88 ",35,SETTLED
18,5/29/23,4:31,Infiniti,"$53,741.57 ",2,SETTLED
19,3/3/23,14:14,Ford,"$21,547.49 ",8,SETTLED
20,3/17/23,22:56,BMW,"$61,133.60 ",15,SETTLED
21,10/21/22,0:26,Chrysler,"$8,784.09 ",35,SETTLED
22,1/13/23,9:58,GMC,"$28,771.41 ",40,SETTLED
23,1/12/23,1:17,Pontiac,"$59,160.46 ",21,SETTLED
24,6/1/23,23:31,Buick,"$30,131.00 ",31,SETTLED
25,1/30/23,16:38,Pontiac,"$15,346.24 ",28,SETTLED
26,12/31/22,5:29,Chevrolet,"$14,839.53 ",5,SETTLED
27,10/23/22,23:58,Toyota,"$17,021.84 ",34,SETTLED
28,12/8/22,11:17,Mercedes-Benz,"$65,942.12 ",30,SETTLED
29,3/16/23,8:10,Ford,"$14,302.21 ",40,SETTLED
30,4/1/23,14:23,Audi,"$44,362.61 ",28,SETTLED
31,10/2/22,17:29,BMW,"$35,806.34 ",21,SETTLED
32,11/17/22,4:37,Dodge,"$77,015.72 ",30,SETTLED
33,4/27/23,20:46,Ford,"$62,718.38 ",12,SETTLED
34,12/30/22,8:06,Mazda,"$4,899.78 ",25,SETTLED
35,11/13/22,8:42,Mercury,"$11,852.11 ",16,SETTLED
36,7/1/23,7:32,Chevrolet,"$71,682.33 ",17,SETTLED
37,7/12/23,16:25,Subaru,"$29,487.95 ",37,SETTLED
38,2/1/23,21:17,Nissan,"$38,361.93 ",26,SETTLED
39,1/8/23,6:42,Mercury,"$46,356.82 ",11,SETTLED
40,6/29/23,10:23,Toyota,"$86,488.89 ",9,SETTLED
41,11/10/22,8:55,Suzuki,"$11,192.19 ",18,SETTLED
42,12/2/22,2:48,Ford,"$68,591.52 ",3,SETTLED
43,6/2/23,9:43,Dodge,"$4,565.96 ",9,SETTLED
44,11/18/22,14:45,Buick,"$31,466.80 ",33,SETTLED
45,2/14/23,5:34,Jaguar,"$24,128.93 ",1,SETTLED
46,7/1/23,5:14,Hyundai,"$52,226.90 ",21,SETTLED
47,4/7/23,23:12,Acura,"$49,442.30 ",40,SETTLED
48,6/18/23,1:42,Lincoln,"$76,685.29 ",37,SETTLED
49,12/15/22,2:15,Acura,"$6,978.02 ",1,SETTLED
50,3/15/23,18:33,Mazda,"$72,297.43 ",32,SETTLED
51,4/3/23,13:57,Ford,"$47,083.84 ",5,SETTLED
52,9/24/22,13:58,Mazda,"$33,614.88 ",30,SETTLED
53,11/12/22,0:11,Land Rover,$358.66 ,15,SETTLED
54,6/23/23,8:13,Ford,"$1,755.97 ",9,SETTLED
55,3/18/23,22:10,Ford,"$3,698.22 ",30,SETTLED
56,10/3/22,17:54,Pontiac,"$11,070.25 ",7,SETTLED
57,6/16/23,8:43,Toyota,"$7,992.47 ",33,SETTLED
58,6/8/23,14:05,Dodge,"$21,008.08 ",11,SETTLED
59,4/28/23,20:29,Volkswagen,"$41,519.48 ",30,SETTLED
60,1/16/23,6:40,Mazda,"$54,275.94 ",38,SETTLED
61,7/12/23,23:02,Kia,"$57,562.63 ",16,SETTLED
62,6/10/23,15:16,Nissan,"$15,870.90 ",40,SETTLED
63,10/4/22,9:00,Mitsubishi,"$63,350.48 ",31,SETTLED
64,12/1/22,21:30,Mitsubishi,"$3,947.14 ",2,SETTLED
65,11/8/22,4:48,Mitsubishi,"$73,579.52 ",17,SETTLED
66,3/27/23,22:51,Chevrolet,"$88,980.05 ",7,SETTLED
67,6/13/23,1:58,Chevrolet,"$71,987.06 ",5,SETTLED
68,12/3/22,4:34,Ford,"$17,157.93 ",29,SETTLED
69,1/15/23,6:51,Mercedes-Benz,"$58,288.79 ",29,SETTLED
70,11/15/22,18:21,Nissan,"$42,495.74 ",35,SETTLED
71,11/16/22,23:49,Daewoo,"$79,962.70 ",15,SETTLED
72,12/11/22,11:13,Cadillac,"$73,772.44 ",35,SETTLED
73,2/7/23,21:52,Mitsubishi,"$28,909.48 ",4,SETTLED
74,4/24/23,11:10,Mitsubishi,"$81,668.92 ",31,SETTLED
75,3/31/23,3:01,Volkswagen,"$60,593.10 ",21,SETTLED
76,3/27/23,5:53,GMC,"$34,982.66 ",3,SETTLED
77,6/8/23,1:30,Mercury,"$21,510.69 ",21,SETTLED
78,2/4/23,9:35,Chevrolet,"$23,343.67 ",14,SETTLED
79,2/3/23,8:01,Dodge,"$36,074.18 ",36,SETTLED
80,2/16/23,23:58,GMC,"$65,086.14 ",38,SETTLED
81,2/25/23,18:47,Mercedes-Benz,"$92,887.47 ",1,SETTLED
82,10/20/22,5:10,Volvo,"$43,043.07 ",15,SETTLED
83,6/16/23,0:56,Mitsubishi,"$55,809.34 ",33,SETTLED
84,4/20/23,13:23,Mercedes-Benz,"$43,509.88 ",31,SETTLED
85,6/17/23,22:22,Mercury,"$79,336.63 ",22,SETTLED
86,7/14/23,6:58,Ford,"$75,377.53 ",39,SETTLED
87,5/1/23,22:23,Lexus,"$22,476.55 ",32,SETTLED
88,1/6/23,16:43,Lexus,"$65,669.62 ",1,SETTLED
89,1/21/23,17:04,Audi,"$54,573.07 ",36,SETTLED
90,5/3/23,21:11,Toyota,"$88,172.69 ",20,SETTLED
91,10/22/22,0:13,Mazda,"$29,475.43 ",33,SETTLED
92,5/21/23,9:43,Ford,"$70,485.88 ",39,SETTLED
93,12/2/22,21:51,Toyota,"$61,858.08 ",37,SETTLED
94,12/16/22,22:19,GMC,"$35,803.72 ",40,SETTLED
95,1/29/23,5:22,Porsche,"$3,605.89 ",25,SETTLED
96,4/18/23,16:52,GMC,"$83,338.26 ",33,SETTLED
97,9/24/22,6:19,Kia,"$86,313.45 ",11,SETTLED
98,1/14/23,17:49,Lincoln,"$54,462.09 ",23,SETTLED
99,2/18/23,20:29,Nissan,"$17,931.32 ",14,SETTLED
100,5/10/23,8:48,Chevrolet,"$12,469.00 ",24,SETTLED
101,5/9/23,8:40,GMC,"$46,114.59 ",8,SETTLED
102,3/21/23,8:53,Lexus,"$78,880.65 ",27,SETTLED
103,12/8/22,16:35,Toyota,"$27,621.71 ",17,SETTLED
104,11/12/22,6:14,Ford,"$37,510.63 ",5,SETTLED
105,12/24/22,2:16,Audi,"$15,833.28 ",32,SETTLED
106,11/15/22,12:03,Chevrolet,"$54,563.46 ",30,SETTLED
107,3/11/23,11:24,Mazda,"$8,021.24 ",32,SETTLED
108,6/9/23,7:51,Mercedes-Benz,"$28,640.21 ",12,SETTLED
109,10/7/22,13:59,Mazda,"$41,539.45 ",20,SETTLED
110,4/15/23,23:00,Mercedes-Benz,"$74,643.17 ",13,SETTLED
111,10/23/22,21:34,Chevrolet,"$16,992.12 ",21,SETTLED
112,11/16/22,18:45,BMW,"$53,290.22 ",5,SETTLED
113,5/25/23,8:44,Plymouth,"$69,985.12 ",8,SETTLED
114,10/28/22,21:30,Toyota,$272.38 ,29,SETTLED
115,6/3/23,1:13,Ford,"$82,627.30 ",15,SETTLED
116,6/4/23,9:02,Acura,"$53,226.47 ",38,SETTLED
117,4/27/23,9:24,Volkswagen,"$41,668.75 ",31,SETTLED
118,3/27/23,19:39,Mazda,"$85,083.90 ",37,SETTLED
119,3/1/23,8:16,Volkswagen,"$72,985.65 ",20,SETTLED
120,2/21/23,11:20,Kia,"$33,591.06 ",39,SETTLED
121,10/31/22,20:35,Land Rover,"$60,502.50 ",6,SETTLED
122,5/11/23,18:52,Buick,"$84,164.84 ",20,SETTLED
123,11/30/22,2:57,Chevrolet,"$2,605.43 ",7,SETTLED
124,4/9/23,19:37,Chevrolet,"$29,698.36 ",7,SETTLED
125,2/17/23,0:47,Mercedes-Benz,"$61,897.72 ",32,SETTLED
126,5/17/23,0:09,Ford,"$63,599.93 ",16,SETTLED
127,5/30/23,1:47,Volkswagen,"$13,919.52 ",31,SETTLED
128,11/2/22,17:47,Mitsubishi,"$53,271.27 ",30,SETTLED
129,10/23/22,16:04,Mazda,"$55,205.49 ",34,SETTLED
130,1/17/23,19:42,Nissan,"$77,506.29 ",6,SETTLED
131,7/6/23,21:29,Ford,"$45,230.36 ",26,SETTLED
132,1/18/23,22:10,Cadillac,"$83,964.85 ",35,SETTLED
133,10/18/22,7:40,Mazda,"$74,115.18 ",1,SETTLED
134,10/7/22,0:16,BMW,"$66,853.09 ",12,SETTLED
135,9/24/22,20:20,GMC,"$50,164.87 ",15,SETTLED
136,11/24/22,21:03,Land Rover,"$59,826.60 ",23,SETTLED
137,5/13/23,1:10,GMC,"$69,268.36 ",3,SETTLED
138,6/9/23,20:58,Mercedes-Benz,"$48,133.36 ",12,SETTLED
139,10/7/22,20:49,Acura,"$77,872.95 ",5,SETTLED
140,4/13/23,10:29,Mercury,"$41,331.91 ",18,SETTLED
141,1/21/23,1:01,Land Rover,"$72,987.83 ",9,SETTLED
142,10/16/22,2:02,Chrysler,"$67,231.74 ",20,SETTLED
143,10/2/22,21:24,Bugatti,"$79,821.07 ",11,SETTLED
144,11/9/22,8:34,Suzuki,"$81,491.13 ",4,SETTLED
145,3/24/23,19:37,Toyota,"$15,368.92 ",31,SETTLED
146,3/5/23,10:23,Mitsubishi,"$60,446.81 ",26,SETTLED
147,5/16/23,6:49,Dodge,"$33,098.82 ",31,SETTLED
148,1/29/23,1:07,Chrysler,"$77,249.15 ",11,SETTLED
149,1/31/23,5:58,Plymouth,"$46,567.85 ",20,SETTLED
150,11/4/22,7:27,Cadillac,"$23,313.40 ",31,SETTLED
151,3/3/23,19:39,Daewoo,"$27,217.09 ",15,SETTLED
152,12/4/22,13:15,Lamborghini,"$52,123.61 ",19,SETTLED
153,3/24/23,18:55,Hummer,"$50,159.96 ",30,SETTLED
154,12/2/22,15:56,Acura,"$4,247.82 ",1,SETTLED
155,4/28/23,6:15,Mitsubishi,"$41,530.85 ",33,SETTLED
156,12/5/22,15:14,Lexus,"$26,159.59 ",30,SETTLED
157,3/17/23,17:04,Pontiac,"$36,142.03 ",20,SETTLED
158,5/9/23,11:24,Dodge,"$11,059.56 ",28,SETTLED
159,2/26/23,4:45,Saab,"$4,713.80 ",25,SETTLED
160,10/8/22,10:21,Plymouth,"$44,636.98 ",15,SETTLED
161,3/24/23,19:03,Nissan,"$17,215.84 ",13,SETTLED
162,7/14/23,14:05,Land Rover,"$13,226.39 ",24,SETTLED
163,4/19/23,17:39,Volkswagen,$173.51 ,18,SETTLED
164,10/23/22,23:42,GMC,"$53,911.78 ",38,SETTLED
165,11/6/22,19:02,Infiniti,"$31,476.22 ",33,SETTLED
166,4/25/23,22:44,Volvo,"$18,851.09 ",36,SETTLED
167,4/2/23,12:14,Chevrolet,"$65,225.53 ",13,SETTLED
168,3/18/23,9:50,Volkswagen,"$63,507.87 ",38,SETTLED
169,12/26/22,21:59,BMW,"$5,571.87 ",32,SETTLED
170,12/17/22,21:50,Ford,"$57,850.59 ",35,SETTLED
171,12/29/22,16:47,Maserati,"$92,001.92 ",2,SETTLED
172,5/9/23,14:40,Ford,"$80,049.93 ",12,SETTLED
173,4/21/23,6:22,Toyota,"$1,679.07 ",21,SETTLED
174,1/6/23,0:00,Lincoln,"$64,556.71 ",36,SETTLED
175,4/27/23,5:54,Chevrolet,"$42,941.28 ",22,SETTLED
176,11/11/22,14:47,Dodge,"$28,578.73 ",2,SETTLED
177,12/24/22,6:30,Hyundai,"$21,324.93 ",20,SETTLED
178,12/31/22,9:44,Chevrolet,"$20,398.61 ",1,SETTLED
179,12/1/22,20:29,BMW,"$92,659.50 ",12,SETTLED
180,3/8/23,15:41,Chevrolet,"$39,356.76 ",23,SETTLED
181,2/12/23,14:08,Pontiac,"$55,865.47 ",4,SETTLED
182,2/24/23,8:08,Chevrolet,"$69,601.64 ",32,SETTLED
183,9/25/22,19:34,Chevrolet,"$75,139.80 ",38,SETTLED
184,1/25/23,16:55,Volvo,"$5,041.70 ",6,SETTLED
185,11/20/22,2:31,Morgan,"$81,579.10 ",25,SETTLED
186,1/14/23,22:54,Chevrolet,"$3,561.82 ",11,SETTLED
187,11/11/22,14:12,Volkswagen,"$63,652.84 ",11,SETTLED
188,3/17/23,5:58,Chevrolet,"$78,790.08 ",3,SETTLED
189,2/19/23,15:00,Mercedes-Benz,"$2,264.62 ",12,SETTLED
190,12/1/22,10:57,Jaguar,"$76,289.26 ",37,SETTLED
191,12/30/22,22:25,Acura,"$45,585.38 ",2,SETTLED
192,1/8/23,11:52,Pontiac,"$63,111.61 ",29,SETTLED
193,4/21/23,0:39,Infiniti,"$89,290.50 ",30,SETTLED
194,11/24/22,18:35,Hyundai,"$53,923.57 ",24,SETTLED
195,10/14/22,4:14,MINI,"$43,565.40 ",1,SETTLED
196,7/10/23,7:09,Nissan,"$90,880.15 ",38,SETTLED
197,5/22/23,11:31,Mitsubishi,"$52,747.87 ",19,SETTLED
198,11/28/22,7:51,Saturn,"$84,947.68 ",6,SETTLED
199,6/4/23,12:43,Mercedes-Benz,"$82,631.10 ",24,SETTLED
200,12/29/22,13:34,Mazda,"$21,844.29 ",20,SETTLED
201,11/27/22,18:11,Bentley,"$46,627.50 ",37,SETTLED
202,3/24/23,8:50,Infiniti,"$12,706.22 ",32,SETTLED
203,7/16/23,11:39,Chevrolet,"$64,354.86 ",25,SETTLED
204,11/26/22,17:02,Jaguar,"$67,261.24 ",12,SETTLED
205,6/29/23,7:17,Honda,"$49,775.39 ",37,SETTLED
206,10/25/22,13:57,Lincoln,"$38,693.03 ",3,SETTLED
207,12/12/22,23:12,Mazda,"$33,124.09 ",8,SETTLED
208,4/19/23,6:07,Audi,"$84,228.35 ",4,SETTLED
209,1/13/23,2:55,Volkswagen,"$46,056.61 ",34,SETTLED
210,11/12/22,16:05,Chevrolet,"$73,838.72 ",28,SETTLED
211,4/9/23,11:44,Geo,"$1,203.88 ",32,SETTLED
212,4/14/23,19:45,Chevrolet,"$48,260.02 ",12,SETTLED
213,12/20/22,9:02,Land Rover,"$4,067.98 ",17,SETTLED
214,10/26/22,21:42,Toyota,"$77,986.70 ",4,SETTLED
215,12/9/22,13:27,Toyota,"$34,801.54 ",5,SETTLED
216,12/9/22,9:09,Honda,"$58,116.76 ",40,SETTLED
217,12/29/22,11:06,Chrysler,"$3,227.38 ",30,SETTLED
218,4/27/23,15:16,Volkswagen,"$88,196.87 ",13,SETTLED
219,3/5/23,23:06,Kia,"$40,721.65 ",40,SETTLED
220,4/7/23,2:37,Dodge,"$29,239.33 ",9,SETTLED
221,5/19/23,21:19,Ford,"$25,231.14 ",27,SETTLED
222,10/26/22,10:55,Cadillac,"$13,028.78 ",29,SETTLED
223,5/17/23,3:09,Toyota,"$62,560.35 ",29,SETTLED
224,3/16/23,8:31,Nissan,"$78,991.99 ",35,SETTLED
225,12/21/22,7:23,Chevrolet,"$69,612.27 ",3,SETTLED
226,4/12/23,20:56,Honda,"$37,772.92 ",30,SETTLED
227,6/3/23,2:01,Hyundai,"$31,548.93 ",34,SETTLED
228,2/14/23,23:13,Mercedes-Benz,"$64,388.53 ",37,SETTLED
229,5/8/23,14:46,Lincoln,"$59,564.26 ",13,SETTLED
230,11/25/22,15:08,Volkswagen,"$45,870.86 ",38,SETTLED
231,1/21/23,19:49,Audi,"$84,177.03 ",5,SETTLED
232,4/14/23,2:23,Land Rover,"$17,735.64 ",21,SETTLED
233,12/1/22,13:34,Mitsubishi,"$83,936.47 ",12,SETTLED
234,7/6/23,6:05,Lexus,"$40,405.62 ",35,SETTLED
235,5/14/23,0:33,Chevrolet,"$9,993.91 ",37,SETTLED
236,10/4/22,22:45,BMW,"$66,721.67 ",9,SETTLED
237,2/14/23,3:31,Hyundai,"$87,754.77 ",26,SETTLED
238,10/25/22,11:32,GMC,"$8,923.99 ",39,SETTLED
239,6/21/23,2:47,BMW,"$1,033.17 ",3,SETTLED
240,1/24/23,14:31,BMW,"$12,505.65 ",33,SETTLED
241,1/30/23,2:39,Aston Martin,"$45,328.25 ",33,SETTLED
242,4/22/23,9:18,Cadillac,"$39,608.31 ",11,SETTLED
243,1/6/23,9:41,Volvo,"$49,008.13 ",21,SETTLED
244,9/22/22,23:28,Acura,"$22,317.87 ",28,SETTLED
245,10/25/22,6:39,Suzuki,"$9,595.86 ",30,SETTLED
246,11/28/22,3:35,Mercedes-Benz,"$18,134.23 ",17,SETTLED
247,6/17/23,15:59,MINI,"$83,393.96 ",6,SETTLED
248,1/23/23,4:41,Pontiac,"$79,518.44 ",4,SETTLED
249,6/19/23,9:35,Dodge,"$18,618.19 ",5,SETTLED
250,6/22/23,3:23,Bentley,"$27,934.00 ",33,SETTLED
251,1/4/23,6:40,Honda,"$83,402.56 ",34,SETTLED
252,9/20/22,7:40,Lincoln,"$2,114.20 ",15,SETTLED
253,6/3/23,18:45,Mercury,"$82,935.20 ",20,SETTLED
254,3/18/23,7:52,Ford,"$79,304.06 ",5,SETTLED
255,12/19/22,8:53,Toyota,"$81,806.74 ",1,SETTLED
256,10/22/22,19:44,BMW,"$22,143.19 ",19,SETTLED
257,1/2/23,2:00,Volkswagen,"$43,683.23 ",31,SETTLED
258,11/19/22,9:41,Saturn,"$91,971.50 ",38,SETTLED
259,12/17/22,8:29,Mazda,"$13,091.91 ",19,SETTLED
260,12/29/22,13:40,Mazda,"$6,043.60 ",4,SETTLED
261,2/3/23,9:03,Ford,"$51,947.70 ",37,SETTLED
262,11/22/22,7:23,Lexus,$448.67 ,37,SETTLED
263,3/10/23,21:22,Mercedes-Benz,$626.71 ,15,SETTLED
264,10/31/22,12:47,Chevrolet,"$78,799.58 ",2,SETTLED
265,2/11/23,6:58,Ford,"$46,120.09 ",30,SETTLED
266,5/28/23,1:18,Mercury,"$58,255.47 ",11,SETTLED
267,3/22/23,3:39,Volvo,"$21,808.25 ",11,SETTLED
268,10/5/22,10:20,Maybach,"$89,895.28 ",15,SETTLED
269,6/6/23,5:46,Volvo,"$85,952.29 ",1,SETTLED
270,7/2/23,21:09,Lincoln,"$80,012.12 ",32,SETTLED
271,3/28/23,6:35,Dodge,"$57,146.15 ",20,SETTLED
272,3/28/23,18:03,Subaru,"$16,197.86 ",30,SETTLED
273,10/10/22,8:53,BMW,"$74,716.14 ",5,SETTLED
274,9/30/22,5:30,Plymouth,"$78,569.90 ",14,SETTLED
275,6/1/23,6:32,Ford,"$47,802.86 ",33,SETTLED
276,9/22/22,2:22,Bentley,"$22,315.87 ",36,SETTLED
277,11/12/22,11:03,Mitsubishi,"$90,442.07 ",36,SETTLED
278,10/20/22,17:03,Volkswagen,"$85,193.70 ",28,SETTLED
279,1/14/23,2:36,Subaru,"$75,981.35 ",22,SETTLED
280,11/11/22,8:21,Eagle,"$73,369.03 ",8,SETTLED
281,6/11/23,2:57,Honda,"$6,616.21 ",31,SETTLED
282,11/12/22,19:39,Ferrari,"$85,111.61 ",10,SETTLED
283,10/14/22,11:36,GMC,"$22,043.88 ",23,SETTLED
284,5/19/23,3:26,Lexus,"$24,254.05 ",18,SETTLED
285,12/24/22,6:51,Dodge,"$91,101.93 ",17,SETTLED
286,11/23/22,15:14,Isuzu,"$47,349.59 ",35,SETTLED
287,1/7/23,14:16,Hyundai,"$6,387.52 ",14,SETTLED
288,10/4/22,23:40,Honda,"$39,984.69 ",12,SETTLED
289,6/1/23,22:17,MINI,"$63,527.40 ",31,SETTLED
290,10/17/22,14:14,Mitsubishi,"$21,809.37 ",3,SETTLED
291,1/21/23,6:37,Ford,"$50,731.79 ",12,SETTLED
292,12/17/22,3:23,Dodge,"$86,361.51 ",4,SETTLED
293,3/2/23,5:22,Plymouth,"$17,925.38 ",2,SETTLED
294,10/18/22,0:40,BMW,"$26,248.07 ",12,SETTLED
295,3/15/23,1:13,Ferrari,"$24,127.68 ",7,SETTLED
296,4/1/23,20:00,Buick,"$92,289.97 ",14,SETTLED
297,9/24/22,3:50,Jeep,"$62,016.32 ",6,SETTLED
298,6/10/23,17:54,Subaru,"$36,114.92 ",30,SETTLED
299,6/19/23,1:43,Ford,"$91,116.49 ",3,SETTLED
300,2/21/23,15:13,Mercedes-Benz,"$59,042.92 ",26,SETTLED
301,10/14/22,12:59,Ford,"$41,908.55 ",2,SETTLED
302,4/18/23,7:19,Ford,"$62,191.98 ",22,SETTLED
303,2/21/23,17:36,Ford,"$22,509.91 ",25,SETTLED
304,9/22/22,8:48,Volkswagen,"$60,228.28 ",1,SETTLED
305,3/13/23,6:50,Mercedes-Benz,"$82,490.39 ",24,SETTLED
306,11/4/22,14:17,Isuzu,"$61,380.58 ",39,SETTLED
307,9/27/22,3:56,Ford,"$8,415.65 ",26,SETTLED
308,5/4/23,22:24,GMC,"$35,788.09 ",12,SETTLED
309,5/24/23,12:19,Nissan,"$87,372.80 ",28,SETTLED
310,10/27/22,21:54,GMC,"$56,758.36 ",29,SETTLED
311,2/14/23,23:17,Kia,"$77,969.16 ",37,SETTLED
312,7/13/23,21:39,BMW,"$76,599.95 ",25,SETTLED
313,4/11/23,21:14,Dodge,"$17,777.35 ",14,SETTLED
314,1/21/23,6:01,Suzuki,"$51,490.89 ",7,SETTLED
315,1/18/23,2:28,Hyundai,"$42,557.53 ",34,SETTLED
316,5/20/23,23:56,Aston Martin,"$34,232.11 ",16,SETTLED
317,7/11/23,9:22,Pontiac,"$47,682.49 ",28,SETTLED
318,11/15/22,19:19,Audi,$377.19 ,23,SETTLED
319,11/24/22,16:42,Mercedes-Benz,"$74,851.88 ",2,SETTLED
320,4/1/23,3:37,Mazda,"$8,877.39 ",5,SETTLED
321,6/13/23,5:51,Land Rover,"$84,940.01 ",6,SETTLED
322,5/8/23,4:41,Ford,"$50,227.02 ",20,SETTLED
323,4/26/23,21:33,Lincoln,$546.62 ,4,SETTLED
324,1/13/23,6:12,GMC,"$80,493.63 ",26,SETTLED
325,3/11/23,14:48,Volvo,"$48,880.23 ",9,SETTLED
326,3/2/23,12:53,Ford,"$53,936.26 ",8,SETTLED
327,1/24/23,14:21,Chevrolet,"$18,128.20 ",33,SETTLED
328,1/22/23,2:05,Nissan,"$55,977.25 ",10,SETTLED
329,1/26/23,19:30,Chevrolet,"$46,316.53 ",14,SETTLED
330,12/25/22,5:48,GMC,"$81,506.80 ",1,SETTLED
331,3/12/23,1:39,Aston Martin,"$66,713.87 ",37,SETTLED
332,12/18/22,21:57,Honda,"$35,781.54 ",16,SETTLED
333,2/1/23,8:32,Lincoln,"$10,199.69 ",1,SETTLED
334,1/22/23,22:33,Dodge,"$87,435.19 ",37,SETTLED
335,9/24/22,17:14,Chrysler,"$30,488.11 ",17,SETTLED
336,6/28/23,12:50,Audi,"$33,818.15 ",24,SETTLED
337,4/2/23,0:30,Lotus,"$24,268.29 ",5,SETTLED
338,6/23/23,19:30,Mitsubishi,"$57,888.95 ",6,SETTLED
339,12/19/22,9:32,Eagle,"$14,475.76 ",23,SETTLED
340,1/2/23,8:51,Lotus,"$50,448.51 ",21,SETTLED
341,12/4/22,14:45,Volvo,"$68,376.59 ",5,SETTLED
342,11/7/22,20:14,Oldsmobile,$517.96 ,24,SETTLED
343,10/21/22,12:58,Ford,"$41,150.34 ",31,SETTLED
344,10/10/22,22:51,Ford,"$38,536.51 ",24,SETTLED
345,4/7/23,11:08,Pontiac,"$57,085.88 ",6,SETTLED
346,5/17/23,7:15,Dodge,"$8,590.48 ",35,SETTLED
347,12/16/22,16:51,Volvo,"$18,861.45 ",28,SETTLED
348,10/5/22,14:31,Chevrolet,"$24,440.48 ",19,SETTLED
349,10/30/22,13:39,Suzuki,"$81,947.26 ",21,SETTLED
350,5/28/23,17:56,Nissan,"$14,674.89 ",27,SETTLED
351,3/18/23,0:05,GMC,"$32,053.11 ",37,SETTLED
352,10/24/22,8:35,Jaguar,"$67,081.17 ",8,SETTLED
353,3/2/23,3:39,Dodge,"$38,744.00 ",27,SETTLED
354,5/28/23,4:51,Jeep,"$31,317.90 ",35,SETTLED
355,9/30/22,8:28,Dodge,"$67,075.07 ",6,SETTLED
356,10/14/22,13:17,Subaru,"$37,651.18 ",33,SETTLED
357,5/13/23,21:46,Pontiac,"$37,469.65 ",7,SETTLED
358,4/28/23,10:58,Lexus,"$53,849.94 ",37,SETTLED
359,12/31/22,21:47,Chevrolet,"$80,350.37 ",11,SETTLED
360,1/5/23,8:00,GMC,$148.20 ,2,SETTLED
361,3/20/23,6:24,Toyota,"$55,676.41 ",37,SETTLED
362,3/3/23,11:03,BMW,"$81,334.73 ",1,SETTLED
363,3/28/23,12:58,Ford,"$11,387.29 ",18,SETTLED
364,10/31/22,9:16,Subaru,"$87,871.68 ",28,SETTLED
365,5/18/23,2:17,BMW,"$80,909.95 ",37,SETTLED
366,2/14/23,23:34,Volvo,"$92,493.81 ",33,SETTLED
367,1/7/23,5:38,Pontiac,"$58,320.76 ",36,SETTLED
368,1/12/23,3:12,Jeep,"$90,510.28 ",21,SETTLED
369,1/22/23,1:02,Volvo,"$70,349.96 ",39,SETTLED
370,7/7/23,9:14,Ford,"$10,041.24 ",19,SETTLED
371,2/17/23,14:19,Chevrolet,"$70,033.62 ",27,SETTLED
372,3/10/23,9:54,Honda,"$88,029.58 ",3,SETTLED
373,4/18/23,18:38,Honda,"$33,221.52 ",6,SETTLED
374,4/17/23,7:02,Mitsubishi,"$71,998.31 ",31,SETTLED
375,12/28/22,16:38,Audi,"$62,031.97 ",21,SETTLED
376,2/6/23,18:20,BMW,"$12,162.31 ",24,SETTLED
377,3/19/23,13:21,Suzuki,"$6,098.62 ",9,SETTLED
378,5/28/23,12:10,Pontiac,"$70,497.84 ",1,SETTLED
379,4/12/23,5:51,Lincoln,"$83,430.79 ",12,SETTLED
380,12/9/22,5:08,Suzuki,"$37,467.22 ",38,SETTLED
381,11/18/22,21:36,Jaguar,"$76,543.76 ",3,SETTLED
382,10/6/22,6:23,Volkswagen,"$63,072.68 ",34,SETTLED
383,4/24/23,1:41,Pontiac,"$60,547.56 ",40,SETTLED
384,11/24/22,14:19,Plymouth,"$27,594.66 ",20,SETTLED
385,1/15/23,7:46,Pontiac,"$49,558.09 ",9,SETTLED
386,7/1/23,9:02,Nissan,"$60,637.20 ",10,SETTLED
387,11/24/22,22:31,Hyundai,"$54,967.54 ",21,SETTLED
388,10/16/22,18:45,Chevrolet,"$88,732.33 ",32,SETTLED
389,5/19/23,19:20,Mercedes-Benz,"$70,328.96 ",16,SETTLED
390,3/9/23,1:13,Volvo,"$52,631.11 ",21,SETTLED
391,12/28/22,15:49,Buick,"$71,594.51 ",16,SETTLED
392,5/10/23,3:49,Jaguar,"$65,697.89 ",7,SETTLED
393,10/10/22,11:14,Nissan,"$70,507.70 ",13,SETTLED
394,6/23/23,14:42,Ford,"$28,986.35 ",18,SETTLED
395,10/28/22,2:32,Nissan,"$7,691.11 ",40,SETTLED
396,3/27/23,9:50,BMW,"$57,466.73 ",39,SETTLED
397,10/28/22,23:19,Dodge,"$48,547.49 ",23,SETTLED
398,4/28/23,4:01,Geo,"$48,077.80 ",36,SETTLED
399,2/18/23,17:47,Porsche,"$84,554.97 ",12,SETTLED
400,4/3/23,3:40,Nissan,"$20,345.03 ",36,SETTLED
401,6/23/23,18:07,Saturn,"$45,846.64 ",25,SETTLED
402,2/13/23,10:04,Mitsubishi,"$30,398.57 ",11,SETTLED
403,10/2/22,16:20,Toyota,"$86,886.15 ",20,SETTLED
404,1/18/23,14:55,Toyota,"$21,538.38 ",8,SETTLED
405,6/30/23,7:38,Mercury,"$35,214.38 ",8,SETTLED
406,6/6/23,10:38,Subaru,"$41,372.96 ",39,SETTLED
407,6/8/23,10:48,Pontiac,"$41,500.67 ",14,SETTLED
408,11/24/22,12:26,Dodge,"$81,323.80 ",6,SETTLED
409,5/22/23,8:55,Ford,"$36,059.38 ",28,SETTLED
410,10/31/22,8:59,Dodge,"$43,474.63 ",27,SETTLED
411,4/16/23,19:38,Ford,"$3,189.90 ",34,SETTLED
412,6/13/23,20:38,Ferrari,"$32,508.36 ",14,SETTLED
413,9/24/22,3:59,Chrysler,"$21,909.01 ",7,SETTLED
414,12/19/22,12:15,Lexus,"$67,245.86 ",2,SETTLED
415,12/6/22,8:38,Kia,"$72,752.58 ",19,SETTLED
416,6/11/23,10:59,Lexus,"$84,634.53 ",14,SETTLED
417,12/7/22,5:03,Toyota,"$36,594.63 ",34,SETTLED
418,12/25/22,16:46,BMW,"$93,005.16 ",21,SETTLED
419,3/31/23,20:46,Mercedes-Benz,"$79,232.85 ",27,SETTLED
420,7/7/23,21:43,Chrysler,"$35,947.38 ",5,SETTLED
421,1/25/23,9:57,Chevrolet,"$64,338.93 ",16,SETTLED
422,10/15/22,18:54,Mazda,"$69,543.12 ",10,SETTLED
423,9/21/22,10:32,Toyota,"$62,582.98 ",25,SETTLED
424,4/27/23,1:15,BMW,"$76,645.73 ",28,SETTLED
425,12/25/22,5:33,Mercury,"$85,488.58 ",24,SETTLED
426,1/30/23,7:05,Chrysler,"$21,557.86 ",18,SETTLED
427,2/4/23,8:25,Merkur,"$88,769.66 ",24,SETTLED
428,7/12/23,6:55,Toyota,"$24,741.87 ",4,SETTLED
429,6/8/23,4:23,Cadillac,"$69,339.67 ",24,SETTLED
430,11/7/22,10:58,Pontiac,"$62,438.69 ",16,SETTLED
431,3/15/23,10:54,Lexus,"$20,078.58 ",19,SETTLED
432,12/14/22,15:25,Porsche,"$14,503.93 ",11,SETTLED
433,11/14/22,17:05,Ford,"$17,530.47 ",20,SETTLED
434,1/12/23,17:16,Cadillac,"$84,489.90 ",5,SETTLED
435,4/23/23,20:53,Chevrolet,"$25,226.88 ",32,SETTLED
436,12/26/22,13:38,Mitsubishi,"$19,260.48 ",31,SETTLED
437,7/16/23,13:40,GMC,"$26,142.50 ",8,SETTLED
438,4/14/23,20:47,BMW,"$9,212.82 ",7,SETTLED
439,12/28/22,2:08,Jaguar,"$63,386.29 ",4,SETTLED
440,10/28/22,20:51,Mazda,"$76,034.52 ",8,SETTLED
441,3/30/23,2:28,GMC,"$66,872.18 ",26,SETTLED
442,7/16/23,19:26,Chevrolet,"$39,026.43 ",16,SETTLED
443,10/14/22,22:14,Toyota,"$39,766.27 ",16,SETTLED
444,11/27/22,1:10,Porsche,"$72,340.70 ",29,SETTLED
445,11/17/22,3:11,Isuzu,"$69,695.22 ",32,SETTLED
446,4/13/23,20:25,Dodge,"$73,500.49 ",4,SETTLED
447,7/11/23,7:17,Buick,"$84,886.43 ",11,SETTLED
448,10/23/22,13:09,Chevrolet,"$85,102.87 ",26,SETTLED
449,1/16/23,13:28,Kia,"$2,068.20 ",5,SETTLED
450,9/20/22,10:58,Saab,"$54,052.37 ",24,SETTLED
451,7/8/23,19:04,Land Rover,"$47,571.49 ",3,SETTLED
452,10/27/22,19:55,Ford,"$71,541.37 ",18,SETTLED
453,12/16/22,4:34,BMW,"$41,181.54 ",16,SETTLED
454,2/2/23,0:09,Toyota,"$22,648.83 ",12,SETTLED
455,9/23/22,3:38,Subaru,"$48,357.81 ",27,SETTLED
456,2/11/23,5:20,Chevrolet,"$10,399.14 ",15,SETTLED
457,11/3/22,4:45,Ford,"$7,626.88 ",35,SETTLED
458,4/9/23,18:21,Chrysler,"$35,545.07 ",40,SETTLED
459,12/4/22,11:24,Toyota,"$46,090.44 ",27,SETTLED
460,3/23/23,15:43,Chevrolet,"$53,170.58 ",9,SETTLED
461,4/20/23,6:24,Dodge,"$56,671.82 ",25,SETTLED
462,3/17/23,16:49,Oldsmobile,"$73,449.06 ",4,SETTLED
463,11/16/22,19:52,Toyota,"$30,065.29 ",31,SETTLED
464,5/4/23,0:06,GMC,"$71,859.95 ",18,SETTLED
465,10/2/22,8:38,Ford,"$25,311.52 ",38,SETTLED
466,9/28/22,16:30,Honda,"$73,976.72 ",18,SETTLED
467,11/2/22,13:45,Suzuki,"$35,263.80 ",14,SETTLED
468,10/8/22,5:01,Cadillac,"$66,450.34 ",31,SETTLED
469,12/1/22,19:19,Audi,"$10,554.61 ",27,SETTLED
470,7/8/23,12:50,Lamborghini,"$83,184.31 ",22,SETTLED
471,6/22/23,8:22,Chevrolet,"$24,914.99 ",22,SETTLED
472,2/7/23,3:30,Ford,"$83,017.67 ",2,SETTLED
473,6/22/23,15:58,Jeep,"$19,310.80 ",3,SETTLED
474,3/1/23,4:57,Lexus,"$91,038.82 ",35,SETTLED
475,7/14/23,0:01,Cadillac,"$8,077.05 ",29,SETTLED
476,12/4/22,20:49,Chevrolet,"$20,287.25 ",30,SETTLED
477,9/21/22,19:50,Mercedes-Benz,$578.32 ,30,SETTLED
478,3/26/23,23:06,Honda,"$87,413.96 ",26,SETTLED
479,1/14/23,15:55,Audi,"$49,812.46 ",38,SETTLED
480,1/21/23,17:15,BMW,"$64,401.39 ",37,SETTLED
481,1/5/23,18:51,Subaru,"$43,303.61 ",18,SETTLED
482,11/5/22,17:42,Mercedes-Benz,"$22,032.83 ",36,SETTLED
483,4/14/23,9:17,Maserati,"$72,223.37 ",5,SETTLED
484,4/2/23,17:58,Subaru,"$14,241.35 ",11,SETTLED
485,12/25/22,21:00,Infiniti,"$84,326.84 ",29,SETTLED
486,1/23/23,1:27,Volkswagen,"$85,314.66 ",29,SETTLED
487,4/12/23,17:22,Buick,"$71,704.41 ",4,SETTLED
488,3/3/23,18:20,Cadillac,"$82,945.94 ",39,SETTLED
489,10/8/22,23:51,Chevrolet,"$29,966.71 ",15,SETTLED
490,3/10/23,2:49,Suzuki,"$36,975.31 ",38,SETTLED
491,5/25/23,20:11,Mercury,"$89,043.38 ",13,SETTLED
492,10/21/22,14:34,Nissan,"$38,195.98 ",37,SETTLED
493,3/21/23,17:53,BMW,"$38,412.03 ",5,SETTLED
494,5/6/23,1:09,Honda,"$54,200.24 ",31,SETTLED
495,4/19/23,20:02,Hummer,"$91,317.06 ",5,SETTLED
496,12/8/22,22:09,Nissan,"$73,991.62 ",19,SETTLED
497,5/19/23,18:05,Jaguar,"$33,385.40 ",7,SETTLED
498,5/21/23,17:42,Honda,"$2,914.63 ",34,SETTLED
499,1/5/23,14:49,Nissan,"$58,486.59 ",37,SETTLED
500,12/17/22,15:15,Mercedes-Benz,"$81,209.91 ",21,SETTLED
501,2/19/23,18:36,Dodge,"$42,565.32 ",12,SETTLED
502,12/28/22,19:25,Jeep,"$67,839.71 ",14,SETTLED
503,6/5/23,6:11,Chevrolet,"$27,587.70 ",19,SETTLED
504,4/19/23,1:58,GMC,"$62,209.14 ",29,SETTLED
505,6/27/23,6:38,Honda,"$1,810.73 ",27,SETTLED
506,5/24/23,6:21,Mercedes-Benz,"$50,775.04 ",4,SETTLED
507,12/16/22,17:30,Chevrolet,"$14,173.50 ",7,SETTLED
508,10/31/22,9:07,Lotus,"$85,664.73 ",31,SETTLED
509,10/12/22,11:06,Eagle,"$30,101.80 ",16,SETTLED
510,10/21/22,23:50,Honda,"$44,753.97 ",27,SETTLED
511,11/29/22,20:35,Mercedes-Benz,"$34,762.82 ",3,SETTLED
512,10/25/22,6:22,Volkswagen,"$29,783.09 ",22,SETTLED
513,12/14/22,21:01,Chevrolet,"$54,860.60 ",39,SETTLED
514,2/7/23,12:20,BMW,"$18,033.59 ",6,SETTLED
515,3/13/23,6:33,Toyota,"$18,219.33 ",34,SETTLED
516,4/22/23,2:57,Ford,"$25,894.66 ",37,SETTLED
517,5/22/23,21:28,Volkswagen,"$58,337.00 ",5,SETTLED
518,12/16/22,19:26,Lincoln,"$46,841.85 ",18,SETTLED
519,10/4/22,19:44,Hyundai,"$30,880.30 ",2,SETTLED
520,5/31/23,18:18,Mitsubishi,"$91,937.69 ",17,SETTLED
521,1/7/23,21:49,Ford,"$8,516.25 ",18,SETTLED
522,4/22/23,11:23,Chevrolet,"$7,590.87 ",5,SETTLED
523,7/2/23,13:11,Volkswagen,"$37,637.77 ",11,SETTLED
524,1/24/23,17:21,Maserati,"$4,543.32 ",4,SETTLED
525,5/22/23,6:17,Subaru,"$93,053.89 ",15,SETTLED
526,4/8/23,8:48,Jaguar,"$62,915.86 ",21,SETTLED
527,10/19/22,7:57,BMW,"$65,139.30 ",33,SETTLED
528,2/20/23,12:26,Volkswagen,"$50,201.14 ",37,SETTLED
529,12/10/22,15:26,Ferrari,"$70,403.00 ",8,SETTLED
530,10/26/22,19:04,Nissan,"$6,590.29 ",20,SETTLED
531,6/24/23,16:56,Lincoln,"$10,952.16 ",21,SETTLED
532,2/7/23,14:47,BMW,"$63,009.64 ",16,SETTLED
533,6/27/23,6:01,Toyota,"$16,109.93 ",7,SETTLED
534,12/8/22,2:52,Hyundai,"$79,553.70 ",28,SETTLED
535,2/19/23,3:50,Land Rover,"$44,256.29 ",4,SETTLED
536,7/7/23,4:43,Nissan,"$67,503.15 ",18,SETTLED
537,5/21/23,8:05,Saturn,"$13,355.13 ",11,SETTLED
538,5/25/23,20:48,Ford,"$92,873.89 ",11,SETTLED
539,3/19/23,12:20,Chevrolet,"$26,312.89 ",40,SETTLED
540,2/19/23,18:15,Mazda,"$66,108.57 ",4,SETTLED
541,5/26/23,15:26,Toyota,"$38,345.07 ",39,SETTLED
542,2/18/23,8:51,Toyota,"$69,987.61 ",5,SETTLED
543,10/20/22,10:36,Ford,"$55,060.12 ",35,SETTLED
544,6/19/23,11:56,Honda,"$84,421.57 ",3,SETTLED
545,11/18/22,4:26,Porsche,"$56,501.97 ",16,SETTLED
546,6/14/23,3:13,Mitsubishi,"$25,617.26 ",18,SETTLED
547,10/24/22,8:33,Ford,"$79,014.02 ",3,SETTLED
548,6/27/23,21:36,Jaguar,"$86,313.60 ",22,SETTLED
549,10/5/22,11:14,Toyota,"$21,387.72 ",11,SETTLED
550,11/12/22,7:53,GMC,"$90,408.87 ",36,SETTLED
551,3/9/23,3:34,Land Rover,"$5,805.56 ",33,SETTLED
552,4/24/23,21:13,Volkswagen,"$69,345.72 ",18,SETTLED
553,5/31/23,14:59,Acura,"$78,073.28 ",17,SETTLED
554,10/18/22,3:51,GMC,"$88,286.45 ",24,SETTLED
555,6/14/23,16:38,Infiniti,"$80,911.94 ",19,SETTLED
556,5/17/23,23:19,Mitsubishi,"$6,391.63 ",28,SETTLED
557,1/17/23,12:15,Jeep,"$52,828.18 ",21,SETTLED
558,10/30/22,15:26,Acura,"$25,114.48 ",34,SETTLED
559,6/26/23,22:17,Dodge,"$69,458.08 ",16,SETTLED
560,5/14/23,11:45,Mercedes-Benz,"$63,355.06 ",39,SETTLED
561,12/20/22,20:27,Lexus,"$33,388.53 ",31,SETTLED
562,2/22/23,11:29,GMC,$478.24 ,1,SETTLED
563,9/28/22,14:27,Honda,"$17,203.95 ",10,SETTLED
564,5/14/23,11:53,Ford,"$37,438.34 ",33,SETTLED
565,9/24/22,3:56,BMW,"$2,551.54 ",37,SETTLED
566,4/2/23,7:42,Geo,"$46,446.05 ",14,SETTLED
567,12/25/22,13:44,Infiniti,"$75,204.72 ",13,SETTLED
568,4/17/23,6:16,Ford,"$73,682.64 ",32,SETTLED
569,10/5/22,5:13,Chevrolet,"$34,298.67 ",15,SETTLED
570,7/6/23,0:58,Ford,"$31,615.30 ",23,SETTLED
571,4/29/23,3:57,Lincoln,"$21,550.30 ",33,SETTLED
572,2/3/23,16:13,Chevrolet,"$87,510.88 ",9,SETTLED
573,6/29/23,10:56,Mazda,"$22,388.07 ",13,SETTLED
574,4/22/23,13:57,Honda,"$90,304.43 ",6,SETTLED
575,11/15/22,20:31,Lexus,"$43,716.10 ",25,SETTLED
576,10/14/22,8:46,Porsche,"$42,879.40 ",37,SETTLED
577,2/26/23,8:37,Lincoln,"$71,051.19 ",26,SETTLED
578,12/19/22,1:14,Chevrolet,"$45,261.13 ",21,SETTLED
579,10/23/22,8:32,GMC,"$2,500.84 ",8,SETTLED
580,12/27/22,11:01,Volkswagen,"$51,769.99 ",37,SETTLED
581,6/21/23,16:56,Mazda,"$72,332.53 ",31,SETTLED
582,11/25/22,23:12,BMW,"$41,654.11 ",35,SETTLED
583,11/26/22,19:18,Mitsubishi,"$90,778.14 ",25,SETTLED
584,12/13/22,20:23,Mercedes-Benz,$284.91 ,30,SETTLED
585,3/12/23,2:56,Ford,"$28,446.39 ",27,SETTLED
586,6/4/23,0:01,Jaguar,"$15,689.45 ",30,SETTLED
587,9/21/22,2:11,Suzuki,"$62,488.32 ",29,SETTLED
588,11/4/22,13:40,Ford,"$61,642.44 ",30,SETTLED
589,4/10/23,23:45,Pontiac,"$76,036.51 ",6,SETTLED
590,6/21/23,18:13,Nissan,"$18,305.80 ",11,SETTLED
591,9/25/22,15:05,Ford,"$52,803.95 ",16,SETTLED
592,3/21/23,10:09,Chevrolet,"$88,377.95 ",13,SETTLED
593,3/17/23,9:47,Nissan,"$13,827.57 ",22,SETTLED
594,5/31/23,12:16,Dodge,"$84,134.21 ",39,SETTLED
595,10/3/22,10:43,Ford,"$46,295.71 ",6,SETTLED
596,9/23/22,8:04,Audi,"$91,959.06 ",19,SETTLED
597,3/20/23,15:39,Nissan,"$92,199.35 ",4,SETTLED
598,12/12/22,11:17,Cadillac,"$65,590.49 ",24,SETTLED
599,2/5/23,15:20,Cadillac,"$21,314.61 ",26,SETTLED
600,1/2/23,3:26,Chrysler,"$54,174.16 ",35,SETTLED
601,10/12/22,8:47,Mazda,"$62,323.85 ",10,SETTLED
602,1/13/23,1:44,Toyota,"$17,342.98 ",11,SETTLED
603,11/3/22,3:34,Lotus,"$86,153.77 ",6,SETTLED
604,1/4/23,5:06,Audi,"$22,743.63 ",21,SETTLED
605,10/21/22,8:23,Ford,"$85,726.38 ",3,SETTLED
606,11/4/22,22:16,Toyota,"$3,403.05 ",18,SETTLED
607,12/29/22,23:11,Subaru,"$33,834.39 ",29,SETTLED
608,1/23/23,6:41,Jeep,"$18,539.84 ",40,SETTLED
609,12/25/22,9:13,Kia,"$25,908.65 ",35,SETTLED
610,6/16/23,9:21,Chevrolet,"$86,988.39 ",11,SETTLED
611,1/4/23,15:52,Lexus,"$65,915.51 ",20,SETTLED
612,4/13/23,15:32,Volkswagen,"$2,448.51 ",11,SETTLED
613,10/19/22,21:14,Chevrolet,"$46,699.92 ",19,SETTLED
614,12/9/22,0:43,Toyota,"$30,408.48 ",31,SETTLED
615,12/30/22,6:13,Bentley,"$71,099.90 ",32,SETTLED
616,6/1/23,9:30,Saturn,"$58,966.73 ",11,SETTLED
617,12/10/22,16:09,Saturn,"$57,354.16 ",4,SETTLED
618,2/3/23,17:53,BMW,"$11,224.76 ",7,SETTLED
619,11/22/22,3:08,Chevrolet,"$31,719.63 ",6,SETTLED
620,10/10/22,9:16,Ford,"$1,671.22 ",29,SETTLED
621,4/28/23,21:00,Hyundai,"$72,075.51 ",15,SETTLED
622,2/2/23,9:39,BMW,"$85,907.23 ",10,SETTLED
623,10/2/22,19:14,Pontiac,"$16,678.78 ",8,SETTLED
624,6/9/23,9:59,Kia,"$92,213.84 ",11,SETTLED
625,5/9/23,20:48,Audi,"$54,659.76 ",2,SETTLED
626,5/4/23,15:12,Subaru,"$5,563.67 ",1,SETTLED
627,1/5/23,6:22,Saab,"$58,385.92 ",25,SETTLED
628,11/24/22,5:33,Lexus,"$43,468.21 ",33,SETTLED
629,4/4/23,21:09,Lexus,"$39,560.88 ",37,SETTLED
630,5/18/23,16:14,Volkswagen,"$39,056.14 ",15,SETTLED
631,4/20/23,6:49,Saturn,"$36,779.31 ",19,SETTLED
632,5/21/23,12:33,Oldsmobile,"$22,206.94 ",28,SETTLED
633,1/5/23,11:38,Hyundai,"$21,014.01 ",11,SETTLED
634,3/29/23,22:33,Porsche,"$10,496.53 ",7,SETTLED
635,3/24/23,10:53,Cadillac,"$29,575.41 ",27,SETTLED
636,10/14/22,2:13,Subaru,"$3,625.75 ",32,SETTLED
637,5/14/23,17:20,Ford,"$82,495.63 ",39,SETTLED
638,10/22/22,9:07,Lexus,"$69,765.12 ",32,SETTLED
639,4/6/23,20:13,GMC,"$90,570.32 ",14,SETTLED
640,11/18/22,15:16,Buick,"$87,338.25 ",7,SETTLED
641,6/26/23,0:24,Ford,"$35,303.66 ",34,SETTLED
642,2/22/23,13:01,Dodge,"$29,113.27 ",14,SETTLED
643,5/17/23,13:53,Suzuki,"$20,071.66 ",3,SETTLED
644,5/4/23,22:15,Spyker,"$73,984.92 ",22,SETTLED
645,2/12/23,12:02,Ford,"$86,375.26 ",28,SETTLED
646,3/5/23,6:56,Isuzu,"$67,085.42 ",11,SETTLED
647,11/25/22,10:03,BMW,"$41,279.34 ",39,SETTLED
648,2/11/23,18:00,Lexus,"$50,113.77 ",5,SETTLED
649,11/17/22,10:43,Suzuki,"$32,941.08 ",25,SETTLED
650,10/22/22,16:33,Volvo,"$49,864.71 ",32,SETTLED
651,7/9/23,5:24,Buick,"$17,353.12 ",7,SETTLED
652,10/20/22,15:50,Volkswagen,"$86,602.67 ",18,SETTLED
653,9/26/22,0:35,Dodge,"$68,993.27 ",40,SETTLED
654,5/3/23,9:44,Pontiac,"$32,818.15 ",31,SETTLED
655,2/19/23,11:03,Jaguar,"$51,359.37 ",16,SETTLED
656,9/29/22,9:50,Oldsmobile,"$29,395.25 ",24,SETTLED
657,3/12/23,3:25,Toyota,"$44,393.42 ",1,SETTLED
658,10/1/22,20:08,Hyundai,"$46,544.13 ",27,SETTLED
659,10/8/22,2:54,Toyota,"$70,253.59 ",33,SETTLED
660,4/28/23,16:04,Ford,"$10,660.10 ",25,SETTLED
661,4/27/23,16:25,Subaru,"$29,738.21 ",7,SETTLED
662,9/27/22,18:32,Ford,"$45,645.02 ",4,SETTLED
663,6/13/23,4:10,Mercedes-Benz,"$64,632.15 ",10,SETTLED
664,4/20/23,16:55,Saab,"$16,661.64 ",30,SETTLED
665,10/26/22,9:24,Porsche,"$91,195.72 ",5,SETTLED
666,6/25/23,20:32,Ford,"$37,145.63 ",15,SETTLED
667,1/30/23,3:42,Mercedes-Benz,"$34,954.71 ",30,SETTLED
668,11/7/22,15:41,Volvo,"$33,173.34 ",16,SETTLED
669,2/15/23,3:29,Lamborghini,"$27,655.24 ",13,SETTLED
670,10/21/22,23:23,Jaguar,"$56,939.31 ",40,SETTLED
671,12/27/22,3:58,Ford,"$6,022.31 ",37,SETTLED
672,11/24/22,2:17,Pontiac,"$16,516.47 ",37,SETTLED
673,11/29/22,3:46,Dodge,"$63,674.54 ",17,SETTLED
674,3/28/23,14:48,Oldsmobile,"$50,808.92 ",26,SETTLED
675,2/12/23,8:47,Infiniti,"$22,937.01 ",25,SETTLED
676,1/31/23,20:44,Honda,"$10,656.80 ",34,SETTLED
677,6/25/23,16:54,Ford,"$1,184.61 ",40,SETTLED
678,10/18/22,0:56,Volkswagen,"$81,894.98 ",35,SETTLED
679,7/2/23,7:23,Lexus,"$91,662.08 ",30,SETTLED
680,4/14/23,18:22,Volkswagen,"$53,436.73 ",23,SETTLED
681,3/11/23,23:12,Ford,"$37,323.25 ",9,SETTLED
682,12/19/22,10:52,Toyota,"$11,987.55 ",27,SETTLED
683,6/16/23,22:19,Volkswagen,"$9,607.91 ",2,SETTLED
684,11/28/22,13:16,Subaru,"$35,955.36 ",5,SETTLED
685,5/17/23,4:10,Porsche,"$29,604.00 ",9,SETTLED
686,1/6/23,11:58,Toyota,"$42,319.68 ",6,SETTLED
687,2/14/23,18:35,Chevrolet,"$27,724.19 ",3,SETTLED
688,6/22/23,12:12,GMC,"$91,721.80 ",3,SETTLED
689,10/29/22,22:22,Mercury,"$68,360.18 ",14,SETTLED
690,11/26/22,19:44,Lincoln,"$52,323.32 ",25,SETTLED
691,11/20/22,12:56,Mercury,"$52,959.71 ",24,SETTLED
692,6/24/23,11:19,Mercury,"$41,189.92 ",28,SETTLED
693,5/26/23,4:07,Acura,"$91,720.12 ",26,SETTLED
694,4/28/23,10:57,Chevrolet,"$64,459.35 ",18,SETTLED
695,4/11/23,10:18,BMW,"$60,047.73 ",18,SETTLED
696,4/11/23,1:06,Ferrari,"$59,340.77 ",26,SETTLED
697,5/28/23,0:51,Ford,"$37,931.42 ",6,SETTLED
698,5/17/23,2:11,Land Rover,"$14,547.18 ",29,SETTLED
699,3/10/23,14:55,BMW,"$23,539.79 ",32,SETTLED
700,3/19/23,16:59,Pontiac,"$85,974.13 ",22,SETTLED
701,4/16/23,21:04,Jeep,"$84,159.75 ",5,SETTLED
702,5/3/23,6:03,Volkswagen,"$21,639.16 ",26,SETTLED
703,4/3/23,6:21,Volkswagen,"$57,580.61 ",12,SETTLED
704,10/19/22,20:27,MINI,"$88,506.07 ",28,SETTLED
705,3/26/23,21:22,Chevrolet,"$29,952.10 ",36,SETTLED
706,4/1/23,23:16,Dodge,"$78,764.35 ",30,SETTLED
707,3/7/23,2:39,Acura,"$40,095.78 ",8,SETTLED
708,1/15/23,19:27,Jaguar,"$78,646.75 ",5,SETTLED
709,12/29/22,10:37,Suzuki,"$46,971.89 ",33,SETTLED
710,2/26/23,7:38,Ford,"$24,323.00 ",37,SETTLED
711,12/10/22,2:50,Chevrolet,"$54,357.67 ",3,SETTLED
712,1/4/23,3:08,Dodge,"$12,700.93 ",28,SETTLED
713,6/3/23,10:35,Nissan,"$24,116.60 ",14,SETTLED
714,4/5/23,6:10,Volvo,"$92,776.76 ",36,SETTLED
715,9/23/22,9:45,Suzuki,$834.07 ,38,SETTLED
716,6/2/23,2:09,Suzuki,"$14,920.19 ",33,SETTLED
717,4/2/23,21:06,GMC,"$66,653.68 ",9,SETTLED
718,12/29/22,13:28,Volvo,"$20,353.46 ",28,SETTLED
719,5/9/23,15:14,Ford,"$47,107.67 ",31,SETTLED
720,5/4/23,12:37,Volkswagen,"$51,054.24 ",12,SETTLED
721,6/14/23,20:15,Acura,"$57,591.35 ",33,SETTLED
722,4/13/23,1:23,Mercury,"$74,010.89 ",24,SETTLED
723,11/10/22,17:17,Cadillac,"$79,299.60 ",36,SETTLED
724,1/21/23,2:36,Land Rover,"$27,693.68 ",37,SETTLED
725,10/9/22,5:11,Ford,"$19,645.31 ",26,SETTLED
726,10/5/22,21:27,Volvo,"$20,072.07 ",15,SETTLED
727,6/8/23,8:00,Chevrolet,"$13,750.50 ",10,SETTLED
728,1/31/23,16:46,Ford,"$82,111.06 ",32,SETTLED
729,10/23/22,6:56,Buick,"$36,289.96 ",34,SETTLED
730,3/1/23,7:30,Mitsubishi,"$57,161.30 ",31,SETTLED
731,9/29/22,17:47,Buick,"$14,625.49 ",35,SETTLED
732,10/7/22,0:49,Infiniti,"$36,849.32 ",26,SETTLED
733,10/17/22,9:23,Mitsubishi,"$85,852.72 ",12,SETTLED
734,10/1/22,9:40,Volkswagen,"$69,766.06 ",21,SETTLED
735,3/1/23,3:04,Ford,"$71,560.90 ",29,SETTLED
736,6/13/23,14:00,Oldsmobile,"$61,169.04 ",40,SETTLED
737,9/21/22,6:53,Chevrolet,"$1,580.31 ",6,SETTLED
738,11/28/22,4:36,Lincoln,"$10,916.08 ",2,SETTLED
739,9/28/22,23:08,Porsche,"$40,916.33 ",33,SETTLED
740,3/26/23,21:10,Dodge,"$25,450.25 ",9,SETTLED
741,10/25/22,6:00,Toyota,"$85,083.48 ",26,SETTLED
742,3/8/23,2:40,Ford,"$55,341.18 ",18,SETTLED
743,2/15/23,16:05,Mercedes-Benz,"$78,904.70 ",37,SETTLED
744,10/28/22,4:57,Chevrolet,"$44,296.99 ",16,SETTLED
745,10/22/22,18:23,Chevrolet,"$36,196.02 ",18,SETTLED
746,4/24/23,3:02,Nissan,"$80,779.20 ",7,SETTLED
747,5/2/23,19:50,Mercury,"$8,736.33 ",40,SETTLED
748,2/4/23,22:42,Dodge,"$72,882.06 ",3,SETTLED
749,4/18/23,16:44,Chrysler,"$18,416.74 ",8,SETTLED
750,1/8/23,3:04,Ford,"$83,354.44 ",20,SETTLED
751,10/23/22,22:21,Ford,"$9,785.45 ",17,SETTLED
752,12/26/22,18:32,Dodge,"$65,984.16 ",6,SETTLED
753,11/11/22,17:48,Infiniti,"$6,047.37 ",16,SETTLED
754,9/21/22,13:13,Mitsubishi,"$46,102.86 ",20,SETTLED
755,11/17/22,0:45,Mitsubishi,"$75,619.09 ",10,SETTLED
756,7/6/23,22:29,Volvo,"$38,473.79 ",28,SETTLED
757,12/2/22,7:29,Volkswagen,"$60,883.12 ",25,SETTLED
758,2/10/23,15:25,Nissan,"$1,799.82 ",25,SETTLED
759,7/8/23,11:29,Honda,"$40,570.54 ",21,SETTLED
760,4/22/23,6:58,Mazda,"$40,950.50 ",32,SETTLED
761,9/20/22,8:31,Toyota,"$78,881.39 ",13,SETTLED
762,6/25/23,19:47,Lincoln,"$92,106.55 ",14,SETTLED
763,3/3/23,12:19,Mercedes-Benz,"$7,997.65 ",13,SETTLED
764,2/22/23,14:15,Chevrolet,"$13,114.45 ",4,SETTLED
765,10/25/22,3:14,Dodge,"$79,824.35 ",4,SETTLED
766,3/27/23,23:00,Mitsubishi,"$17,084.94 ",25,SETTLED
767,6/29/23,11:23,Kia,"$1,955.75 ",39,SETTLED
768,5/30/23,8:32,Pontiac,"$61,941.27 ",40,SETTLED
769,4/28/23,0:47,Volvo,"$31,433.73 ",4,SETTLED
770,11/11/22,3:38,Toyota,"$65,259.63 ",32,SETTLED
771,7/13/23,9:05,Chevrolet,"$32,242.15 ",34,SETTLED
772,6/8/23,4:29,Pontiac,"$58,774.30 ",29,SETTLED
773,6/27/23,8:27,Ford,"$53,839.25 ",6,SETTLED
774,10/5/22,16:14,Mazda,"$93,110.05 ",13,SETTLED
775,1/21/23,13:41,Toyota,"$37,688.22 ",39,SETTLED
776,12/10/22,4:42,Chevrolet,"$23,110.95 ",29,SETTLED
777,7/10/23,21:02,Chrysler,"$84,831.22 ",31,SETTLED
778,3/30/23,18:21,Subaru,"$32,191.52 ",34,SETTLED
779,6/30/23,14:25,Mitsubishi,"$72,823.15 ",12,SETTLED
780,3/30/23,8:51,Pontiac,"$60,512.41 ",26,SETTLED
781,3/21/23,15:34,Ford,"$49,359.84 ",3,SETTLED
782,3/29/23,10:43,Pontiac,"$62,166.87 ",14,SETTLED
783,11/22/22,8:33,Chevrolet,"$58,058.06 ",23,SETTLED
784,12/14/22,17:35,Ford,"$49,265.86 ",15,SETTLED
785,6/11/23,20:53,Chevrolet,"$80,799.07 ",25,SETTLED
786,3/28/23,18:19,Mercury,"$81,146.75 ",11,SETTLED
787,12/23/22,5:43,Lexus,"$48,174.14 ",27,SETTLED
788,1/16/23,22:56,Volkswagen,"$77,300.70 ",1,SETTLED
789,11/7/22,22:57,Acura,"$72,523.95 ",38,SETTLED
790,6/30/23,8:37,Dodge,"$76,318.12 ",14,SETTLED
791,4/3/23,15:29,Volkswagen,"$64,531.27 ",30,SETTLED
792,12/12/22,19:28,Mercedes-Benz,"$34,432.81 ",36,SETTLED
793,11/25/22,12:49,Jaguar,"$60,886.09 ",8,SETTLED
794,1/19/23,20:03,Lexus,"$12,672.90 ",39,SETTLED
795,3/8/23,0:51,Mercedes-Benz,"$6,816.22 ",20,SETTLED
796,12/9/22,12:54,Dodge,"$59,782.72 ",1,SETTLED
797,3/22/23,21:18,Mercedes-Benz,"$70,655.24 ",21,SETTLED
798,5/27/23,2:35,Toyota,"$88,759.59 ",28,SETTLED
799,6/2/23,17:18,Lexus,"$32,854.32 ",17,SETTLED
800,12/18/22,4:58,Volvo,"$56,899.85 ",18,SETTLED
801,3/13/23,23:00,Chevrolet,"$76,742.35 ",8,SETTLED
802,3/7/23,6:14,Volkswagen,"$7,641.86 ",23,SETTLED
803,2/18/23,1:37,Dodge,"$72,596.57 ",24,SETTLED
804,12/14/22,12:03,Kia,"$85,037.44 ",24,SETTLED
805,1/19/23,15:39,Pontiac,"$53,394.96 ",14,SETTLED
806,12/19/22,12:18,Hyundai,"$59,547.94 ",17,SETTLED
807,4/18/23,23:24,Hummer,"$56,531.11 ",25,SETTLED
808,5/2/23,17:44,Pontiac,"$35,792.51 ",5,SETTLED
809,3/13/23,17:46,Chevrolet,"$92,906.60 ",1,SETTLED
810,1/31/23,14:19,Lotus,"$27,692.21 ",23,SETTLED
811,10/26/22,2:23,Infiniti,"$57,964.03 ",39,SETTLED
812,7/4/23,5:15,Ford,"$60,694.34 ",37,SETTLED
813,2/16/23,22:19,Chevrolet,"$92,052.68 ",25,SETTLED
814,12/11/22,14:44,Subaru,"$46,951.71 ",35,SETTLED
815,3/29/23,10:33,Plymouth,"$7,857.64 ",5,SETTLED
816,2/26/23,15:35,Buick,"$17,737.49 ",35,SETTLED
817,3/29/23,11:00,Pontiac,"$11,971.65 ",33,SETTLED
818,5/30/23,23:09,Mazda,"$27,179.72 ",22,SETTLED
819,1/6/23,5:33,Mazda,"$86,659.40 ",10,SETTLED
820,10/24/22,23:45,Saab,"$84,250.10 ",13,SETTLED
821,6/15/23,12:12,Acura,"$61,311.34 ",37,SETTLED
822,10/8/22,10:18,Chevrolet,"$11,662.69 ",38,SETTLED
823,9/26/22,12:25,BMW,"$48,276.79 ",28,SETTLED
824,5/12/23,20:43,Lexus,"$86,395.54 ",30,SETTLED
825,1/23/23,12:28,Mitsubishi,"$45,370.19 ",8,SETTLED
826,4/8/23,13:40,Nissan,"$57,708.85 ",19,SETTLED
827,2/3/23,7:40,Chrysler,"$70,023.04 ",30,SETTLED
828,3/22/23,11:03,Ford,"$2,071.12 ",17,SETTLED
829,1/17/23,21:40,Honda,"$31,507.08 ",12,SETTLED
830,7/4/23,1:52,Ford,"$80,636.85 ",28,SETTLED
831,11/30/22,6:09,Suzuki,"$535,000,000,000,000,000,000.00 ",13,SETTLED
832,12/26/22,0:04,Mitsubishi,"$42,555.21 ",9,SETTLED
833,2/13/23,0:33,BMW,"$55,749.11 ",5,SETTLED
834,4/9/23,4:31,Land Rover,"$75,527.64 ",29,SETTLED
835,2/2/23,14:41,Hyundai,$818.13 ,6,SETTLED
836,4/9/23,1:00,Ford,"$43,868.42 ",37,SETTLED
837,11/23/22,4:31,BMW,"$72,427.58 ",40,SETTLED
838,9/22/22,4:50,Toyota,"$15,032.84 ",12,SETTLED
839,4/19/23,0:38,Oldsmobile,"$34,961.67 ",13,SETTLED
840,6/24/23,20:21,Mercedes-Benz,"$18,436.34 ",9,SETTLED
841,11/16/22,9:05,Chevrolet,"$88,087.23 ",37,SETTLED
842,12/3/22,12:31,Audi,"$31,759.21 ",15,SETTLED
843,10/12/22,10:32,Mercedes-Benz,"$41,402.16 ",20,SETTLED
844,2/16/23,17:44,Pontiac,"$17,000.89 ",28,SETTLED
845,7/4/23,9:10,Saab,"$66,184.71 ",29,SETTLED
846,2/24/23,14:38,Mitsubishi,"$61,477.43 ",32,SETTLED
847,6/5/23,23:01,Chevrolet,"$44,906.72 ",1,SETTLED
848,2/5/23,20:34,GMC,"$40,687.53 ",32,SETTLED
849,5/21/23,2:25,Panoz,"$55,144.58 ",26,SETTLED
850,5/31/23,8:28,Ford,"$56,308.15 ",15,SETTLED
851,6/27/23,22:28,Aston Martin,"$65,839.24 ",33,SETTLED
852,1/7/23,23:51,Chevrolet,"$41,883.19 ",26,SETTLED
853,10/20/22,7:07,Ford,"$30,678.88 ",34,SETTLED
854,5/8/23,23:30,Ford,"$9,068.12 ",23,SETTLED
855,12/15/22,7:34,Bentley,"$45,578.50 ",38,SETTLED
856,12/10/22,8:12,Chevrolet,"$56,346.02 ",22,SETTLED
857,5/15/23,11:42,BMW,"$29,248.57 ",27,SETTLED
858,5/9/23,22:15,Mercury,"$2,320.88 ",12,SETTLED
859,1/7/23,12:38,Lincoln,"$52,345.94 ",31,SETTLED
860,7/9/23,23:18,Saab,"$71,988.07 ",26,SETTLED
861,4/8/23,17:51,Chevrolet,"$26,973.03 ",38,SETTLED
862,11/11/22,3:14,Kia,"$20,253.71 ",31,SETTLED
863,6/25/23,1:31,Lamborghini,"$12,130.14 ",34,SETTLED
864,3/29/23,1:21,Saturn,"$48,910.34 ",19,SETTLED
865,3/7/23,8:50,BMW,"$57,468.71 ",10,SETTLED
866,7/8/23,4:58,Land Rover,"$4,581.19 ",7,SETTLED
867,10/14/22,1:41,Hyundai,"$54,973.45 ",23,SETTLED
868,11/4/22,12:27,GMC,"$64,473.94 ",5,SETTLED
869,3/2/23,12:50,GMC,"$31,256.77 ",35,SETTLED
870,5/4/23,2:38,Lincoln,"$54,551.04 ",21,SETTLED
871,11/11/22,18:34,Lamborghini,"$72,543.33 ",24,SETTLED
872,12/11/22,14:19,Acura,"$55,701.63 ",29,SETTLED
873,4/6/23,17:09,Lincoln,"$10,326.00 ",26,SETTLED
874,2/24/23,8:34,Cadillac,"$46,464.72 ",18,SETTLED
875,12/28/22,1:22,Volkswagen,"$53,269.25 ",40,SETTLED
876,3/27/23,7:43,Dodge,"$15,316.72 ",25,SETTLED
877,10/29/22,6:28,Subaru,"$78,928.39 ",36,SETTLED
878,2/27/23,11:19,Infiniti,"$79,240.50 ",4,SETTLED
879,3/23/23,13:36,MINI,"$79,281.75 ",16,SETTLED
880,4/25/23,17:28,Honda,"$81,525.01 ",13,SETTLED
881,11/4/22,3:01,Buick,"$71,603.39 ",2,SETTLED
882,12/1/22,19:36,Chevrolet,"$6,999.66 ",11,SETTLED
883,10/28/22,2:20,Mazda,"$87,164.58 ",28,SETTLED
884,5/20/23,12:36,Dodge,"$8,459.62 ",22,SETTLED
885,3/4/23,7:53,GMC,"$23,957.86 ",32,SETTLED
886,7/14/23,10:02,Volkswagen,"$49,679.82 ",39,SETTLED
887,12/4/22,9:08,Suzuki,"$1,503.16 ",6,SETTLED
888,12/17/22,11:24,Mazda,"$89,444.77 ",36,SETTLED
889,4/2/23,18:52,Ford,"$90,938.03 ",34,SETTLED
890,11/8/22,16:58,Nissan,"$13,339.42 ",27,SETTLED
891,1/3/23,0:17,Nissan,"$47,085.03 ",9,SETTLED
892,9/30/22,14:52,Porsche,"$52,058.04 ",31,SETTLED
893,5/4/23,8:03,Mazda,"$60,264.33 ",37,SETTLED
894,1/8/23,20:04,Toyota,"$80,381.65 ",21,SETTLED
895,6/8/23,12:38,Ford,"$36,086.43 ",25,SETTLED
896,11/1/22,2:20,Nissan,"$47,738.40 ",1,SETTLED
897,10/14/22,12:47,Lincoln,"$73,206.60 ",11,SETTLED
898,3/17/23,17:42,Pontiac,"$75,357.04 ",1,SETTLED
899,2/15/23,5:33,Land Rover,"$51,563.32 ",12,SETTLED
900,3/21/23,15:41,GMC,"$60,127.75 ",13,SETTLED
901,3/19/23,23:51,Ford,"$26,569.71 ",36,SETTLED
902,9/24/22,14:26,Acura,"$90,497.30 ",35,SETTLED
903,6/23/23,14:50,Pontiac,"$54,130.04 ",2,SETTLED
904,5/17/23,12:24,BMW,"$1,478.85 ",1,SETTLED
905,10/25/22,16:10,Buick,"$77,167.94 ",16,SETTLED
906,2/13/23,22:28,Volvo,"$78,704.02 ",10,SETTLED
907,12/29/22,23:08,BMW,"$90,173.00 ",6,SETTLED
908,4/23/23,2:35,Lexus,"$61,099.58 ",34,SETTLED
909,5/31/23,8:29,Mazda,"$84,361.46 ",16,SETTLED
910,10/23/22,2:42,Mazda,"$86,516.81 ",33,SETTLED
911,5/2/23,10:12,Audi,"$76,568.84 ",18,SETTLED
912,2/1/23,22:24,Buick,"$12,980.11 ",34,SETTLED
913,9/23/22,16:19,GMC,"$30,333.06 ",21,SETTLED
914,3/29/23,2:30,Honda,"$26,926.39 ",4,SETTLED
915,2/15/23,20:18,Buick,"$30,528.53 ",29,SETTLED
916,5/24/23,8:40,Mercedes-Benz,"$9,010.37 ",34,SETTLED
917,3/10/23,23:06,Volkswagen,"$85,517.86 ",26,SETTLED
918,1/21/23,11:43,Buick,"$22,424.35 ",6,SETTLED
919,5/10/23,0:25,BMW,"$23,565.16 ",12,SETTLED
920,6/4/23,2:50,Honda,"$28,299.11 ",2,SETTLED
921,10/19/22,5:26,Jaguar,"$74,608.16 ",11,SETTLED
922,7/12/23,22:08,Pontiac,"$84,428.71 ",11,SETTLED
923,6/24/23,14:06,Oldsmobile,"$39,625.94 ",18,SETTLED
924,3/18/23,22:59,Audi,"$27,776.91 ",35,SETTLED
925,11/8/22,11:02,Ford,"$60,948.81 ",31,SETTLED
926,10/18/22,12:46,Chevrolet,"$30,247.45 ",22,SETTLED
927,10/23/22,0:26,Dodge,"$85,107.49 ",32,SETTLED
928,4/13/23,13:19,Ford,"$33,742.84 ",10,SETTLED
929,11/2/22,4:31,GMC,"$74,655.67 ",4,SETTLED
930,2/23/23,6:59,Saab,"$51,681.05 ",1,SETTLED
931,10/1/22,7:43,Isuzu,"$29,285.99 ",9,SETTLED
932,6/8/23,21:25,Plymouth,"$48,432.35 ",31,SETTLED
933,11/15/22,7:40,Lexus,"$35,362.85 ",32,SETTLED
934,3/10/23,23:11,Suzuki,"$58,915.85 ",15,SETTLED
935,2/10/23,3:11,Ford,"$44,765.23 ",15,SETTLED
936,1/29/23,2:39,Kia,"$30,040.56 ",35,SETTLED
937,12/4/22,18:04,Mercury,"$20,170.60 ",23,SETTLED
938,2/20/23,22:43,Toyota,"$42,878.10 ",11,SETTLED
939,12/23/22,4:37,Ford,"$85,840.73 ",3,SETTLED
940,7/15/23,15:29,Dodge,"$3,953.47 ",15,SETTLED
941,6/13/23,21:48,Pontiac,"$79,362.09 ",32,SETTLED
942,5/12/23,5:18,Mitsubishi,"$68,159.55 ",10,SETTLED
943,4/23/23,10:51,Kia,"$88,751.35 ",36,SETTLED
944,9/21/22,14:49,Pontiac,"$51,698.93 ",28,SETTLED
945,9/25/22,21:13,Mercedes-Benz,"$19,468.44 ",33,SETTLED
946,12/20/22,4:00,Chevrolet,"$50,744.56 ",17,SETTLED
947,1/13/23,22:30,Toyota,"$70,859.29 ",24,SETTLED
948,5/14/23,13:49,Audi,"$8,786.51 ",4,SETTLED
949,1/6/23,1:07,Suzuki,"$61,807.48 ",39,SETTLED
950,1/15/23,9:08,Infiniti,"$6,147.74 ",15,SETTLED
951,1/23/23,13:47,Volkswagen,"$59,029.28 ",23,SETTLED
952,9/21/22,4:29,Mercedes-Benz,"$29,279.55 ",9,SETTLED
953,5/18/23,7:33,Mercedes-Benz,"$38,469.59 ",15,SETTLED
954,4/4/23,13:55,Acura,"$46,637.12 ",18,SETTLED
955,4/25/23,11:02,Jeep,"$20,467.40 ",35,SETTLED
956,12/13/22,22:25,Buick,"$18,149.84 ",31,SETTLED
957,2/19/23,10:35,Toyota,"$81,735.45 ",35,SETTLED
958,1/18/23,4:21,Cadillac,"$7,215.14 ",33,SETTLED
959,6/8/23,21:10,Toyota,"$38,843.56 ",40,SETTLED
960,4/23/23,13:03,Dodge,"$11,384.12 ",30,SETTLED
961,12/19/22,7:42,Mitsubishi,"$13,680.08 ",8,SETTLED
962,10/16/22,0:50,Maserati,"$61,359.84 ",38,SETTLED
963,3/1/23,2:22,Mercedes-Benz,"$9,750.94 ",11,SETTLED
964,2/4/23,11:55,Plymouth,"$79,825.19 ",26,SETTLED
965,6/27/23,14:53,Mazda,"$57,984.50 ",16,SETTLED
966,1/20/23,2:22,Isuzu,"$38,445.97 ",33,SETTLED
967,7/16/23,9:31,Land Rover,"$21,792.38 ",4,SETTLED
968,6/4/23,17:01,Toyota,"$50,178.33 ",14,SETTLED
969,12/1/22,15:01,GMC,"$54,337.32 ",28,SETTLED
970,5/31/23,0:45,Toyota,"$29,473.73 ",4,SETTLED
971,5/15/23,20:33,Chevrolet,"$3,503.61 ",24,SETTLED
972,10/18/22,4:06,Toyota,$794.13 ,15,SETTLED
973,9/23/22,10:41,Ford,"$33,620.63 ",35,SETTLED
974,6/29/23,1:48,Acura,"$38,193.13 ",19,SETTLED
975,2/10/23,3:19,Honda,"$21,733.33 ",37,SETTLED
976,7/9/23,20:31,Hummer,"$43,741.05 ",32,SETTLED
977,6/21/23,17:29,Toyota,"$78,935.24 ",33,SETTLED
978,7/3/23,5:42,Chevrolet,"$86,653.66 ",39,SETTLED
979,9/28/22,9:42,Maserati,"$15,704.27 ",10,SETTLED
980,7/8/23,9:30,BMW,"$62,856.25 ",12,SETTLED
981,6/16/23,18:19,Ford,"$11,014.86 ",4,SETTLED
982,11/27/22,4:03,Mercedes-Benz,"$90,617.52 ",34,SETTLED
983,12/1/22,20:06,Ford,"$56,810.18 ",37,SETTLED
984,11/19/22,23:39,Hyundai,"$55,882.72 ",18,SETTLED
985,1/28/23,7:31,Buick,"$4,778.64 ",26,SETTLED
986,2/5/23,22:20,Saturn,"$76,778.21 ",2,SETTLED
987,3/13/23,1:49,Chrysler,"$1,525.89 ",40,SETTLED
988,10/22/22,0:56,Acura,"$1,419.42 ",4,SETTLED
989,9/20/22,7:20,Cadillac,"$11,732.36 ",19,SETTLED
990,2/13/23,22:58,Ford,"$44,419.81 ",5,SETTLED
991,7/10/23,20:38,Ford,"$2,415.88 ",34,SETTLED
992,10/8/22,4:01,Hyundai,"$58,761.49 ",30,SETTLED
993,1/24/23,19:25,GMC,"$92,907.09 ",6,SETTLED
994,10/25/22,23:37,Chevrolet,"$19,919.46 ",19,SETTLED
995,10/18/25,16:10,Chevrolet,"$18,666.76 ",19,SETTLED
996,12/25/22,10:45,GMC,"$65,186.26 ",38,SETTLED
997,3/19/23,21:47,BMW,"$40,679.16 ",8,SETTLED
998,12/31/22,17:14,Land Rover,"$73,969.18 ",21,SETTLED
999,7/11/23,15:42,Pontiac,"$61,620.27 ",5,SETTLED
1000,3/15/23,20:05,Nissan,"$64,531.56 ",39,SETTLED